item id,item name,item description,item type,item price,item manufactured date,item expiry date,item qty
1,Minnie Necklace,necklace for kids 0-3 years,ACCESSORIES,10.0,2022-02-02 00:00:00,,1
2,Morrisons Biscuit,Chocolate flavor,CHATAR PATAR,20.5,2022-02-02 00:00:00,02-02-2023,2
3,Ferrero Rocher chocolate,Chocolate flavor,CHOCOLATES,3.7777,2022-02-02 00:00:00,02-02-2023,4
4,Carte-Dor chocolate,Chocolate flavor,ICE-CREAM,104.88888,2022-02-02 00:00:00,,1
5,Winter Coat,Winter Jackets,CLOTHING,2500.9999,1994-02-02 00:00:00,,1
6,Minnie Earrings,earrings for kids 0-3 years,ACCESSORIES,10.0,2022-02-02 00:00:00,,1
7,Sensations,Chilli Thai flavor,CHATAR PATAR,2.35,2022-02-02 00:00:00,02-02-2023,2
8,Ferrero Rocher vanilla,Chocolate flavor,CHOCOLATES,3.7777,2022-02-02 00:00:00,02-02-2023,4
9,Carte-Dor vanilla,Chocolate flavor,ICE-CREAM,104.88888,2022-02-02 00:00:00,,1
10,Mickey-Minnie pyjama suit,night suite,CLOTHING,2500.9999,1994-02-02 00:00:00,,1
