item id,item name,item description,item type,item price,item manufactured date,item expiry date,item qty
1,Minnie Necklace,necklace for kids 0-3 years,ACCESSORIES,10,02-02-2022,,1
2,Morrisons Biscuit,Chocolate flavor,CHATAR PATAR,20.5,02-02-2022,02-02-2023,2
3,Ferrero Rocher chocolate,Chocolate flavor,CHOCOLATES,3.7777,02-02-2022,02-02-2023,4
4,Carte-Dor chocolate,Chocolate flavor,ICE-CREAM,104.88888,02-02-2022,,1
5,Winter Coat,Winter Jackets,CLOTHING,2500.9999,02-02-1994,,1
6,Minnie Earrings,earrings for kids 0-3 years,ACCESSORIES,10,02-02-2022,,1
7,Sensations,Chilli Thai flavor,CHATAR PATAR,2.35,02-02-2022,02-02-2023,2
8,Ferrero Rocher vanilla,Chocolate flavor,CHOCOLATES,3.7777,02-02-2022,02-02-2023,4
9,Carte-Dor vanilla,Chocolate flavor,ICE-CREAM,104.88888,02-02-2022,,1
10,Mickey-Minnie pyjama suit,night suite,CLOTHING,2500.9999,02-02-1994,,1